prices,name,,,,,
104.99,Sanus VLF410B1 10-Inch Super Slim Full-Motion Mount for 37 - 84 Inches TV's,,,,,
64.99,Boytone - 2500W 2.1-Ch. Home Theater System - Black Diamond,,,,,
69,Boytone - 2500W 2.1-Ch. Home Theater System - Black Diamond,,,,,
69.99,Boytone - 2500W 2.1-Ch. Home Theater System - Black Diamond,,,,,
66.99,Boytone - 2500W 2.1-Ch. Home Theater System - Black Diamond,,,,,
66,Boytone - 2500W 2.1-Ch. Home Theater System - Black Diamond,,,,,
74.99,Boytone - 2500W 2.1-Ch. Home Theater System - Black Diamond,,,,,
65.99,Boytone - 2500W 2.1-Ch. Home Theater System - Black Diamond,,,,,
69.99,Boytone - 2500W 2.1-Ch. Home Theater System - Black Diamond,,,,,
64,Boytone - 2500W 2.1-Ch. Home Theater System - Black Diamond,,,,,
69.99,Boytone - 2500W 2.1-Ch. Home Theater System - Black Diamond,,,,,
64.99,Boytone - 2500W 2.1-Ch. Home Theater System - Black Diamond,,,,,
64.99,Boytone - 2500W 2.1-Ch. Home Theater System - Black Diamond,,,,,
23.99,DENAQ - AC Adapter for TOSHIBA SATELLITE 1700 1710 1715 1730 1735 1750 1755 1955 3000 3005 A100 M30X M35X - Black,,,,,
31.99,DENAQ - AC Adapter for TOSHIBA SATELLITE 1700 1710 1715 1730 1735 1750 1755 1955 3000 3005 A100 M30X M35X - Black,,,,,
20.99,DENAQ - AC Adapter for TOSHIBA SATELLITE 1700 1710 1715 1730 1735 1750 1755 1955 3000 3005 A100 M30X M35X - Black,,,,,
34.99,DENAQ - AC Adapter for TOSHIBA SATELLITE 1700 1710 1715 1730 1735 1750 1755 1955 3000 3005 A100 M30X M35X - Black,,,,,
23.99,DENAQ - AC Adapter for TOSHIBA SATELLITE 1700 1710 1715 1730 1735 1750 1755 1955 3000 3005 A100 M30X M35X - Black,,,,,
290.99,"DreamWave - Tremor Portable Bluetooth Speaker - Green,Black",,,,,
279.99,"DreamWave - Tremor Portable Bluetooth Speaker - Green,Black",,,,,
299.99,"DreamWave - Tremor Portable Bluetooth Speaker - Green,Black",,,,,
225.99,"DreamWave - Tremor Portable Bluetooth Speaker - Green,Black",,,,,
289.99,"DreamWave - Tremor Portable Bluetooth Speaker - Green,Black",,,,,
244.01,NS-SP1800BL 5.1-Channel Home Theater System (Black),,,,,
132.99,NS-SP1800BL 5.1-Channel Home Theater System (Black),,,,,
149.99,NS-SP1800BL 5.1-Channel Home Theater System (Black),,,,,
149.95,NS-SP1800BL 5.1-Channel Home Theater System (Black),,,,,
136.99,NS-SP1800BL 5.1-Channel Home Theater System (Black),,,,,
254.99,Universal Remote Control - 48-Device Universal Remote - Black,,,,,
209.99,Universal Remote Control - 48-Device Universal Remote - Black,,,,,
299.98,Universal Remote Control - 48-Device Universal Remote - Black,,,,,
239.99,Universal Remote Control - 48-Device Universal Remote - Black,,,,,
299.98,Universal Remote Control - 48-Device Universal Remote - Black,,,,,
499,Acoustimass 6 Series V Home Theater Speaker System (Black),,,,,
699.99,Acoustimass 6 Series V Home Theater Speaker System (Black),,,,,
699,Acoustimass 6 Series V Home Theater Speaker System (Black),,,,,
689.95,Acoustimass 6 Series V Home Theater Speaker System (Black),,,,,
599,Acoustimass 6 Series V Home Theater Speaker System (Black),,,,,
224.99,Samsung - 850 PRO 512GB Internal SATA III Solid State Drive for Laptops,,,,,
249.99,Samsung - 850 PRO 512GB Internal SATA III Solid State Drive for Laptops,,,,,
139.99,Corsair Vengeance LPX 16GB (2x8GB) DDR4 DRAM 3000MHz C15 Desktop Memory Kit - Black (CMK16GX4M2B3000C15),,,,,
162.99,Corsair Vengeance LPX 16GB (2x8GB) DDR4 DRAM 3000MHz C15 Desktop Memory Kit - Black (CMK16GX4M2B3000C15),,,,,
189.99,Corsair Vengeance LPX 16GB (2x8GB) DDR4 DRAM 3000MHz C15 Desktop Memory Kit - Black (CMK16GX4M2B3000C15),,,,,
194.82,Corsair Vengeance LPX 16GB (2x8GB) DDR4 DRAM 3000MHz C15 Desktop Memory Kit - Black (CMK16GX4M2B3000C15),,,,,
149.99,Corsair Vengeance LPX 16GB (2x8GB) DDR4 DRAM 3000MHz C15 Desktop Memory Kit - Black (CMK16GX4M2B3000C15),,,,,
147.99,Corsair Vengeance LPX 16GB (2x8GB) DDR4 DRAM 3000MHz C15 Desktop Memory Kit - Black (CMK16GX4M2B3000C15),,,,,
158.95,Corsair Vengeance LPX 16GB (2x8GB) DDR4 DRAM 3000MHz C15 Desktop Memory Kit - Black (CMK16GX4M2B3000C15),,,,,
154.99,Corsair Vengeance LPX 16GB (2x8GB) DDR4 DRAM 3000MHz C15 Desktop Memory Kit - Black (CMK16GX4M2B3000C15),,,,,
151.99,Corsair Vengeance LPX 16GB (2x8GB) DDR4 DRAM 3000MHz C15 Desktop Memory Kit - Black (CMK16GX4M2B3000C15),,,,,
55.99,Outdoor Tech Buckshot Pro Bluetooth Speaker,,,,,
56.99,Outdoor Tech Buckshot Pro Bluetooth Speaker,,,,,
65.99,Outdoor Tech Buckshot Pro Bluetooth Speaker,,,,,
71.99,Outdoor Tech Buckshot Pro Bluetooth Speaker,,,,,
63.99,Outdoor Tech Buckshot Pro Bluetooth Speaker,,,,,
59.99,Outdoor Tech Buckshot Pro Bluetooth Speaker,,,,,
64.99,Outdoor Tech Buckshot Pro Bluetooth Speaker,,,,,
58.99,Outdoor Tech Buckshot Pro Bluetooth Speaker,,,,,
57.99,Outdoor Tech Buckshot Pro Bluetooth Speaker,,,,,
99.99,Motorola Wi-Fi Pet Video Camera,,,,,
99.99,Motorola Wi-Fi Pet Video Camera,,,,,
199.99,Details About Samsung Gear Iconx 2018 Edition Cordfree Fitness Earbuds Black (us Version),,,,,
149.99,Details About Samsung Gear Iconx 2018 Edition Cordfree Fitness Earbuds Black (us Version),,,,,
159.99,Details About Samsung Gear Iconx 2018 Edition Cordfree Fitness Earbuds Black (us Version),,,,,
199,Details About Samsung Gear Iconx 2018 Edition Cordfree Fitness Earbuds Black (us Version),,,,,
154.95,Details About Samsung Gear Iconx 2018 Edition Cordfree Fitness Earbuds Black (us Version),,,,,
199.99,Details About Samsung Gear Iconx 2018 Edition Cordfree Fitness Earbuds Black (us Version),,,,,
89.99,2TB Red 5400 rpm SATA III 3.5 Internal NAS HDD,,,,,
99,2TB Red 5400 rpm SATA III 3.5 Internal NAS HDD,,,,,
83.99,2TB Red 5400 rpm SATA III 3.5 Internal NAS HDD,,,,,
84.99,2TB Red 5400 rpm SATA III 3.5 Internal NAS HDD,,,,,
90.71,2TB Red 5400 rpm SATA III 3.5 Internal NAS HDD,,,,,
84.99,2TB Red 5400 rpm SATA III 3.5 Internal NAS HDD,,,,,
89.95,2TB Red 5400 rpm SATA III 3.5 Internal NAS HDD,,,,,
199,Details About Panamax Mr4000 8outlets Surge Protector Home Theater Power Line Management,,,,,
159.98,Details About Panamax Mr4000 8outlets Surge Protector Home Theater Power Line Management,,,,,
199.98,Details About Panamax Mr4000 8outlets Surge Protector Home Theater Power Line Management,,,,,
75,Details About Panamax Mr4000 8outlets Surge Protector Home Theater Power Line Management,,,,,
51.99,"Details About Alpine 480w 6.5 2way Typee Coaxial Car Speakers W/ Silk Tweeters | Spe6000""",,,,,
49.95,"Details About Alpine 480w 6.5 2way Typee Coaxial Car Speakers W/ Silk Tweeters | Spe6000""",,,,,
49.99,"Details About Alpine 480w 6.5 2way Typee Coaxial Car Speakers W/ Silk Tweeters | Spe6000""",,,,,
66.99,"Details About Alpine 480w 6.5 2way Typee Coaxial Car Speakers W/ Silk Tweeters | Spe6000""",,,,,
44.36,"Details About Alpine 480w 6.5 2way Typee Coaxial Car Speakers W/ Silk Tweeters | Spe6000""",,,,,
79.99,"Details About Alpine 480w 6.5 2way Typee Coaxial Car Speakers W/ Silk Tweeters | Spe6000""",,,,,
44.35,"Details About Alpine 480w 6.5 2way Typee Coaxial Car Speakers W/ Silk Tweeters | Spe6000""",,,,,
72.99,"Details About Alpine 480w 6.5 2way Typee Coaxial Car Speakers W/ Silk Tweeters | Spe6000""",,,,,
65.99,"Details About Alpine 480w 6.5 2way Typee Coaxial Car Speakers W/ Silk Tweeters | Spe6000""",,,,,
71.99,"Details About Alpine 480w 6.5 2way Typee Coaxial Car Speakers W/ Silk Tweeters | Spe6000""",,,,,
89.99,"Details About Alpine 480w 6.5 2way Typee Coaxial Car Speakers W/ Silk Tweeters | Spe6000""",,,,,
80.99,"Details About Alpine 480w 6.5 2way Typee Coaxial Car Speakers W/ Silk Tweeters | Spe6000""",,,,,
64.99,"Details About Alpine 480w 6.5 2way Typee Coaxial Car Speakers W/ Silk Tweeters | Spe6000""",,,,,
59.99,"Details About Alpine 480w 6.5 2way Typee Coaxial Car Speakers W/ Silk Tweeters | Spe6000""",,,,,
249.99,Transcend - JetDrive 420 480GB Internal Serial ATA III Solid State Drive for Select Apple® Computers,,,,,
289.99,Transcend - JetDrive 420 480GB Internal Serial ATA III Solid State Drive for Select Apple® Computers,,,,,
270.99,Transcend - JetDrive 420 480GB Internal Serial ATA III Solid State Drive for Select Apple® Computers,,,,,
348.99,Transcend - JetDrive 420 480GB Internal Serial ATA III Solid State Drive for Select Apple® Computers,,,,,
349.99,Transcend - JetDrive 420 480GB Internal Serial ATA III Solid State Drive for Select Apple® Computers,,,,,
22.99,Samsung Universal 3100mAh Portable External Battery Charger - White,,,,,
14.84,Samsung Universal 3100mAh Portable External Battery Charger - White,,,,,
17.99,Samsung Universal 3100mAh Portable External Battery Charger - White,,,,,
49,Air-Fi Runaway AF32 Stereo Bluetooth Wireless Headphones with Hidden Microphone (Black and Red),,,,,
34.99,Air-Fi Runaway AF32 Stereo Bluetooth Wireless Headphones with Hidden Microphone (Black and Red),,,,,
62.99,Air-Fi Runaway AF32 Stereo Bluetooth Wireless Headphones with Hidden Microphone (Black and Red),,,,,
44.99,Air-Fi Runaway AF32 Stereo Bluetooth Wireless Headphones with Hidden Microphone (Black and Red),,,,,
80.74,Air-Fi Runaway AF32 Stereo Bluetooth Wireless Headphones with Hidden Microphone (Black and Red),,,,,
49.99,Air-Fi Runaway AF32 Stereo Bluetooth Wireless Headphones with Hidden Microphone (Black and Red),,,,,
29.99,Air-Fi Runaway AF32 Stereo Bluetooth Wireless Headphones with Hidden Microphone (Black and Red),,,,,
59.99,Air-Fi Runaway AF32 Stereo Bluetooth Wireless Headphones with Hidden Microphone (Black and Red),,,,,
449.99,"SpeakerCraft - 6-1/2 In-Ceiling Speakers (5-Pack) - White""",,,,,
449.99,"SpeakerCraft - 6-1/2 In-Ceiling Speakers (5-Pack) - White""",,,,,
21.99,Peerless - Round Ceiling Plate for Most Peerless-AV Projector Mounts - Black,,,,,
32,Peerless - Round Ceiling Plate for Most Peerless-AV Projector Mounts - Black,,,,,
21.99,Peerless - Round Ceiling Plate for Most Peerless-AV Projector Mounts - Black,,,,,
17.85,Peerless - Round Ceiling Plate for Most Peerless-AV Projector Mounts - Black,,,,,
46.69,"Kenwood KFC-1653MRW 6.5 2-way Marine Speakers Pair (White)""",,,,,
47.99,"Kenwood KFC-1653MRW 6.5 2-way Marine Speakers Pair (White)""",,,,,
52.52,"Kenwood KFC-1653MRW 6.5 2-way Marine Speakers Pair (White)""",,,,,
48.01,"Kenwood KFC-1653MRW 6.5 2-way Marine Speakers Pair (White)""",,,,,
55.31,"Kenwood KFC-1653MRW 6.5 2-way Marine Speakers Pair (White)""",,,,,
57.93,"Kenwood KFC-1653MRW 6.5 2-way Marine Speakers Pair (White)""",,,,,
69.99,"Kenwood KFC-1653MRW 6.5 2-way Marine Speakers Pair (White)""",,,,,
56.68,"Kenwood KFC-1653MRW 6.5 2-way Marine Speakers Pair (White)""",,,,,
54.99,"Kenwood KFC-1653MRW 6.5 2-way Marine Speakers Pair (White)""",,,,,
89.99,"Kenwood KFC-1653MRW 6.5 2-way Marine Speakers Pair (White)""",,,,,
77.99,"Kenwood KFC-1653MRW 6.5 2-way Marine Speakers Pair (White)""",,,,,
53.75,"Kenwood KFC-1653MRW 6.5 2-way Marine Speakers Pair (White)""",,,,,
52.59,"Kenwood KFC-1653MRW 6.5 2-way Marine Speakers Pair (White)""",,,,,
99.99,"Kenwood KFC-1653MRW 6.5 2-way Marine Speakers Pair (White)""",,,,,
139.99,Panamax - 11-Outlet Surge Protector - Black,,,,,
353.98,Panamax - 11-Outlet Surge Protector - Black,,,,,
159.09,Microsoft Surface Pro 4 Type Cover with Fingerprint ID,,,,,
159.99,Microsoft Surface Pro 4 Type Cover with Fingerprint ID,,,,,
137.99,Microsoft Surface Pro 4 Type Cover with Fingerprint ID,,,,,
159.99,Microsoft Surface Pro 4 Type Cover with Fingerprint ID,,,,,
159.99,Microsoft Surface Pro 4 Type Cover with Fingerprint ID,,,,,
124.19,Microsoft Surface Pro 4 Type Cover with Fingerprint ID,,,,,
125.41,Microsoft Surface Pro 4 Type Cover with Fingerprint ID,,,,,
121.99,Microsoft Surface Pro 4 Type Cover with Fingerprint ID,,,,,
299.99,Ultimate Ears MEGABLAST Portable Wi-Fi/Bluetooth Speaker with hands-free Amazon Alexa voice control (waterproof) - Graphite Black,,,,,
208.99,Ultimate Ears MEGABLAST Portable Wi-Fi/Bluetooth Speaker with hands-free Amazon Alexa voice control (waterproof) - Graphite Black,,,,,
179.98,Niles - SS-4 4-Pair Speaker Selector - Black,,,,,
179.98,Niles - SS-4 4-Pair Speaker Selector - Black,,,,,
229.98,"SpeakerCraft - Profile CRS6 Two 6-1/2 In-Ceiling Speaker (Each) - Black""",,,,,
229.98,"SpeakerCraft - Profile CRS6 Two 6-1/2 In-Ceiling Speaker (Each) - Black""",,,,,
219.99,CORSAIR VENGEANCE RGB 16GB (2x8GB) DDR4 3200MHz C16 Desktop Memory - Black,,,,,
209.99,CORSAIR VENGEANCE RGB 16GB (2x8GB) DDR4 3200MHz C16 Desktop Memory - Black,,,,,
179.99,CORSAIR VENGEANCE RGB 16GB (2x8GB) DDR4 3200MHz C16 Desktop Memory - Black,,,,,
174.99,CORSAIR VENGEANCE RGB 16GB (2x8GB) DDR4 3200MHz C16 Desktop Memory - Black,,,,,
25.89,"DENAQ - AC Power Adapter and Charger for Select HP Omnibook, Pavilion and Presario Laptops - Black",,,,,
20.99,"DENAQ - AC Power Adapter and Charger for Select HP Omnibook, Pavilion and Presario Laptops - Black",,,,,
38.99,"DENAQ - AC Power Adapter and Charger for Select HP Omnibook, Pavilion and Presario Laptops - Black",,,,,
20.99,"DENAQ - AC Power Adapter and Charger for Select HP Omnibook, Pavilion and Presario Laptops - Black",,,,,
20.99,"DENAQ - AC Power Adapter and Charger for Select HP Omnibook, Pavilion and Presario Laptops - Black",,,,,
29.99,"DENAQ - AC Power Adapter and Charger for Select HP Omnibook, Pavilion and Presario Laptops - Black",,,,,
49.95,SlideLITE Camera Strap SLL-1 (Black),,,,,
49.95,SlideLITE Camera Strap SLL-1 (Black),,,,,
39.99,SlideLITE Camera Strap SLL-1 (Black),,,,,
29.95,SlideLITE Camera Strap SLL-1 (Black),,,,,
49.95,SlideLITE Camera Strap SLL-1 (Black),,,,,
39.99,SlideLITE Camera Strap SLL-1 (Black),,,,,
42.46,SlideLITE Camera Strap SLL-1 (Black),,,,,
39.95,SlideLITE Camera Strap SLL-1 (Black),,,,,
49.99,SlideLITE Camera Strap SLL-1 (Black),,,,,
79.95,Flipside 300 Backpack (Black),,,,,
78.99,Flipside 300 Backpack (Black),,,,,
89.95,Flipside 300 Backpack (Black),,,,,
65.19,Flipside 300 Backpack (Black),,,,,
66.99,Flipside 300 Backpack (Black),,,,,
79.95,Flipside 300 Backpack (Black),,,,,
450.99,"Samsung - 50 Class (49.5"" Diag.) - LED - 1080p - Smart - HDTV""",,,,,
397.99,"Samsung - 50 Class (49.5"" Diag.) - LED - 1080p - Smart - HDTV""",,,,,
477.99,"Samsung - 50 Class (49.5"" Diag.) - LED - 1080p - Smart - HDTV""",,,,,
496.36,"Samsung - 50 Class (49.5"" Diag.) - LED - 1080p - Smart - HDTV""",,,,,
477.99,"Samsung - 50 Class (49.5"" Diag.) - LED - 1080p - Smart - HDTV""",,,,,
449.99,"Samsung - 50 Class (49.5"" Diag.) - LED - 1080p - Smart - HDTV""",,,,,
479.99,"Samsung - 50 Class (49.5"" Diag.) - LED - 1080p - Smart - HDTV""",,,,,
497.99,"Samsung - 50 Class (49.5"" Diag.) - LED - 1080p - Smart - HDTV""",,,,,
549,"Samsung - 50 Class (49.5"" Diag.) - LED - 1080p - Smart - HDTV""",,,,,
497.99,"Samsung - 50 Class (49.5"" Diag.) - LED - 1080p - Smart - HDTV""",,,,,
549.99,"Samsung - 50 Class (49.5"" Diag.) - LED - 1080p - Smart - HDTV""",,,,,
447.99,"Samsung - 50 Class (49.5"" Diag.) - LED - 1080p - Smart - HDTV""",,,,,
447.99,"Samsung - 50 Class (49.5"" Diag.) - LED - 1080p - Smart - HDTV""",,,,,
529,"Samsung - 50 Class (49.5"" Diag.) - LED - 1080p - Smart - HDTV""",,,,,
329.99,"Samsung - 50 Class (49.5"" Diag.) - LED - 1080p - Smart - HDTV""",,,,,
431.99,"Samsung - 50 Class (49.5"" Diag.) - LED - 1080p - Smart - HDTV""",,,,,
497.99,"Samsung - 50 Class (49.5"" Diag.) - LED - 1080p - Smart - HDTV""",,,,,
499.99,"Samsung - 50 Class (49.5"" Diag.) - LED - 1080p - Smart - HDTV""",,,,,
399.99,"Samsung - 50 Class (49.5"" Diag.) - LED - 1080p - Smart - HDTV""",,,,,
499.99,"Samsung - 50 Class (49.5"" Diag.) - LED - 1080p - Smart - HDTV""",,,,,
37.99,iHome Rechargeable Splash Proof Stereo Bluetooth Speaker - Black (IBT33BC),,,,,
39.99,iHome Rechargeable Splash Proof Stereo Bluetooth Speaker - Black (IBT33BC),,,,,
49.99,iHome Rechargeable Splash Proof Stereo Bluetooth Speaker - Black (IBT33BC),,,,,
43.99,iHome Rechargeable Splash Proof Stereo Bluetooth Speaker - Black (IBT33BC),,,,,
49.99,iHome Rechargeable Splash Proof Stereo Bluetooth Speaker - Black (IBT33BC),,,,,
32.99,iHome Rechargeable Splash Proof Stereo Bluetooth Speaker - Black (IBT33BC),,,,,
37.99,iHome Rechargeable Splash Proof Stereo Bluetooth Speaker - Black (IBT33BC),,,,,
44.65,iHome Rechargeable Splash Proof Stereo Bluetooth Speaker - Black (IBT33BC),,,,,
99.99,Polk Audio - 50 W Woofer - Black,,,,,
229.99,Apple - Pre-Owned iPad 3 - 64GB - Black,,,,,
299.99,Apple - Pre-Owned iPad 3 - 64GB - Black,,,,,
649.99,Apple - Pre-Owned iPad 3 - 64GB - Black,,,,,
249.99,Apple - Pre-Owned iPad 3 - 64GB - Black,,,,,
74.99,Corsair CMSA8GX3M2A1066C7 Apple 8 GB Dual Channel Kit DDR3 1066 (PC3 8500) 204-Pin DDR3 Laptop SO-DIMM Memory 1.5V,,,,,
70.88,Corsair CMSA8GX3M2A1066C7 Apple 8 GB Dual Channel Kit DDR3 1066 (PC3 8500) 204-Pin DDR3 Laptop SO-DIMM Memory 1.5V,,,,,
45.1,Corsair CMSA8GX3M2A1066C7 Apple 8 GB Dual Channel Kit DDR3 1066 (PC3 8500) 204-Pin DDR3 Laptop SO-DIMM Memory 1.5V,,,,,
79.99,Corsair CMSA8GX3M2A1066C7 Apple 8 GB Dual Channel Kit DDR3 1066 (PC3 8500) 204-Pin DDR3 Laptop SO-DIMM Memory 1.5V,,,,,
64.99,Corsair CMSA8GX3M2A1066C7 Apple 8 GB Dual Channel Kit DDR3 1066 (PC3 8500) 204-Pin DDR3 Laptop SO-DIMM Memory 1.5V,,,,,
67.99,Corsair CMSA8GX3M2A1066C7 Apple 8 GB Dual Channel Kit DDR3 1066 (PC3 8500) 204-Pin DDR3 Laptop SO-DIMM Memory 1.5V,,,,,
61.85,ST640P Universal Tilt Wall Mount for 32 to 50 Displays,,,,,
69.99,ST640P Universal Tilt Wall Mount for 32 to 50 Displays,,,,,
59.95,ST640P Universal Tilt Wall Mount for 32 to 50 Displays,,,,,
69.99,ST640P Universal Tilt Wall Mount for 32 to 50 Displays,,,,,
599.99,Virtually Invisible 891 In-Wall Speakers (Pair),,,,,
599,Virtually Invisible 891 In-Wall Speakers (Pair),,,,,
399,AVR-X1400H 7.2-Channel Network A/V Receiver,,,,,
499,AVR-X1400H 7.2-Channel Network A/V Receiver,,,,,
599.98,AVR-X1400H 7.2-Channel Network A/V Receiver,,,,,
399,AVR-X1400H 7.2-Channel Network A/V Receiver,,,,,
499.98,AVR-X1400H 7.2-Channel Network A/V Receiver,,,,,
399.98,AVR-X1400H 7.2-Channel Network A/V Receiver,,,,,
349.98,AVR-X1400H 7.2-Channel Network A/V Receiver,,,,,
599.98,AVR-X1400H 7.2-Channel Network A/V Receiver,,,,,
599,AVR-X1400H 7.2-Channel Network A/V Receiver,,,,,
21.99,DENAQ - AC Power Adapter and Charger for Select Toshiba Satellite and Satellite Pro Laptops - Black,,,,,
19.14,DENAQ - AC Power Adapter and Charger for Select Toshiba Satellite and Satellite Pro Laptops - Black,,,,,
24.99,DENAQ - AC Power Adapter and Charger for Select Toshiba Satellite and Satellite Pro Laptops - Black,,,,,
18.95,DENAQ - AC Power Adapter and Charger for Select Toshiba Satellite and Satellite Pro Laptops - Black,,,,,
24.99,DENAQ - AC Power Adapter and Charger for Select Toshiba Satellite and Satellite Pro Laptops - Black,,,,,
11.99,DENAQ - AC Power Adapter and Charger for Select Toshiba Satellite and Satellite Pro Laptops - Black,,,,,
39.99,Lenovo - AC Adapter for Select Lenovo Yoga Laptops - Black,,,,,
22.99,Lenovo - AC Adapter for Select Lenovo Yoga Laptops - Black,,,,,
27.99,Lenovo - AC Adapter for Select Lenovo Yoga Laptops - Black,,,,,
20.99,Lenovo - AC Adapter for Select Lenovo Yoga Laptops - Black,,,,,
39.99,Lenovo - AC Adapter for Select Lenovo Yoga Laptops - Black,,,,,
23.99,Lenovo - AC Adapter for Select Lenovo Yoga Laptops - Black,,,,,
33.99,Lenovo - AC Adapter for Select Lenovo Yoga Laptops - Black,,,,,
26.99,Lenovo - AC Adapter for Select Lenovo Yoga Laptops - Black,,,,,
19.99,Lenovo - AC Adapter for Select Lenovo Yoga Laptops - Black,,,,,
24.99,Lenovo - AC Adapter for Select Lenovo Yoga Laptops - Black,,,,,
255.57,"Elite Screens - Spectrum Series 110 Motorized Projector Screen - Black""",,,,,
259.99,"Elite Screens - Spectrum Series 110 Motorized Projector Screen - Black""",,,,,
179.95,"Elite Screens - Spectrum Series 110 Motorized Projector Screen - Black""",,,,,
259.99,"Elite Screens - Spectrum Series 110 Motorized Projector Screen - Black""",,,,,
269.74,"Elite Screens - Spectrum Series 110 Motorized Projector Screen - Black""",,,,,
276.43,"Elite Screens - Spectrum Series 110 Motorized Projector Screen - Black""",,,,,
286.99,"Elite Screens - Spectrum Series 110 Motorized Projector Screen - Black""",,,,,
207.99,"Elite Screens - Spectrum Series 110 Motorized Projector Screen - Black""",,,,,
379.95,"Elite Screens - Spectrum Series 110 Motorized Projector Screen - Black""",,,,,
267.38,"Elite Screens - Spectrum Series 110 Motorized Projector Screen - Black""",,,,,
98,Sony - SRS-XB21 Portable Bluetooth Speaker - Black,,,,,
99.99,Sony - SRS-XB21 Portable Bluetooth Speaker - Black,,,,,
99.99,Sony - SRS-XB21 Portable Bluetooth Speaker - Black,,,,,
128.59,"Russound - Acclaim 5 Series 6-1/2 Indoor/Outdoor Speaker (Each) - White""",,,,,
249.99,"Russound - Acclaim 5 Series 6-1/2 Indoor/Outdoor Speaker (Each) - White""",,,,,
181.98,"Russound - Acclaim 5 Series 6-1/2 Indoor/Outdoor Speaker (Each) - White""",,,,,
125.99,"Russound - Acclaim 5 Series 6-1/2 Indoor/Outdoor Speaker (Each) - White""",,,,,
99.79,"Russound - Acclaim 5 Series 6-1/2 Indoor/Outdoor Speaker (Each) - White""",,,,,
127.99,"Russound - Acclaim 5 Series 6-1/2 Indoor/Outdoor Speaker (Each) - White""",,,,,
118.59,"Russound - Acclaim 5 Series 6-1/2 Indoor/Outdoor Speaker (Each) - White""",,,,,
109.41,"Russound - Acclaim 5 Series 6-1/2 Indoor/Outdoor Speaker (Each) - White""",,,,,
249.99,"Russound - Acclaim 5 Series 6-1/2 Indoor/Outdoor Speaker (Each) - White""",,,,,
799.99,SB-2000 12 500W Subwoofer (Piano Gloss Black),,,,,
799.98,SB-2000 12 500W Subwoofer (Piano Gloss Black),,,,,
59.99,"Kenwood - Road Series 6 x 8"" 2-Way Car Speakers with Paper Woofer Cones (Pair) - Black""",,,,,
23.99,"Kenwood - Road Series 6 x 8"" 2-Way Car Speakers with Paper Woofer Cones (Pair) - Black""",,,,,
799.99,"Hisense - 55 Class - LED - H9 Series - 2160p - Smart - 4K UHD TV with HDR""",,,,,
599.99,"Hisense - 55 Class - LED - H9 Series - 2160p - Smart - 4K UHD TV with HDR""",,,,,
599.99,"Hisense - 55 Class - LED - H9 Series - 2160p - Smart - 4K UHD TV with HDR""",,,,,
699.99,"Hisense - 55 Class - LED - H9 Series - 2160p - Smart - 4K UHD TV with HDR""",,,,,
699.99,"Hisense - 55 Class - LED - H9 Series - 2160p - Smart - 4K UHD TV with HDR""",,,,,
119.99,4TB Red 5400 rpm SATA III 3.5 Internal NAS HDD Retail Kit,,,,,
149.99,4TB Red 5400 rpm SATA III 3.5 Internal NAS HDD Retail Kit,,,,,
149.99,4TB Red 5400 rpm SATA III 3.5 Internal NAS HDD Retail Kit,,,,,
17.99,House of Marley Smile Jamaica In-Ear Earbuds,,,,,
24.99,House of Marley Smile Jamaica In-Ear Earbuds,,,,,
15.94,House of Marley Smile Jamaica In-Ear Earbuds,,,,,
16.99,House of Marley Smile Jamaica In-Ear Earbuds,,,,,
22.16,House of Marley Smile Jamaica In-Ear Earbuds,,,,,
14.99,House of Marley Smile Jamaica In-Ear Earbuds,,,,,
16.79,House of Marley Smile Jamaica In-Ear Earbuds,,,,,
24.99,House of Marley Smile Jamaica In-Ear Earbuds,,,,,
22.99,House of Marley Smile Jamaica In-Ear Earbuds,,,,,
16.99,House of Marley Smile Jamaica In-Ear Earbuds,,,,,
16.46,House of Marley Smile Jamaica In-Ear Earbuds,,,,,
24.99,House of Marley Smile Jamaica In-Ear Earbuds,,,,,
36.94,Details About Midland Wr120c Noaa Weather Alert Radio,,,,,
28.99,Details About Midland Wr120c Noaa Weather Alert Radio,,,,,
34.05,Details About Midland Wr120c Noaa Weather Alert Radio,,,,,
26.99,Details About Midland Wr120c Noaa Weather Alert Radio,,,,,
49.99,Details About Midland Wr120c Noaa Weather Alert Radio,,,,,
38.68,Details About Midland Wr120c Noaa Weather Alert Radio,,,,,
34.99,Details About Midland Wr120c Noaa Weather Alert Radio,,,,,
29.99,Details About Midland Wr120c Noaa Weather Alert Radio,,,,,
47.19,Details About Midland Wr120c Noaa Weather Alert Radio,,,,,
853.99,Marantz - 1400W 7.2-Ch. 4K Ultra HD and 3D Pass-Through A/V Home Theater Receiver - Black,,,,,
899.98,Marantz - 1400W 7.2-Ch. 4K Ultra HD and 3D Pass-Through A/V Home Theater Receiver - Black,,,,,
76.61,JVC KD-X320BTS Apple iPod and Android Digital Media Receiver with Bluetooth,,,,,
79.99,JVC KD-X320BTS Apple iPod and Android Digital Media Receiver with Bluetooth,,,,,
27.43,iSimple ISBC01 BluClik Bluetooth Remote Control with Steering Wheel and Dash Mounts,,,,,
31.78,iSimple ISBC01 BluClik Bluetooth Remote Control with Steering Wheel and Dash Mounts,,,,,
